{
  "CHANGELOG.md": "8d52e0cc01f9360980a0655ba19f795e",
  "CONTRIBUTING.md": "11e7aa5b3f05c7b09d32a385578db71f",
  "Gemfile": "0c7927147f6e52b7e32c8fdebfd08d7b",
  "LICENSE": "dd6462909b746fc9ec71656f9e9c71f9",
  "README.md": "b377a0ca7da990919feb0257054ef6db",
  "Rakefile": "9fa53df215e4b68e62591deac3aad5ba",
  "docs/Makefile": "d4613b09b1c5ce046969a6b731e02938",
  "docs/buttondown.css": "f15e6924612f4c5ae477030bf7bf665b",
  "docs/development.md": "bca2aff243b7563963c8e0665bfbd3da",
  "docs/examples/apache_directive.md": "282295d28da084891cba9a5750253df4",
  "docs/examples/apache_setenv.md": "62cf9cadbf3f207734ee5c6d3c84143e",
  "docs/examples/host.md": "ccc23a5bc50a746c90a6890012d64ce7",
  "docs/examples/kernel_parameter.md": "716f9890eef1a71bfbed77ef16219471",
  "docs/examples/mailalias.md": "5e13bdf971e6c1ae81ce946c4cde9276",
  "docs/examples/mounttab.md": "a244e500f1ce2d991e56dc93dc7cb869",
  "docs/examples/nrpe_command.md": "6ae395751d493a28ca591078a6587695",
  "docs/examples/pam.md": "c07fa08fec73e772ac6626ec2e7dc515",
  "docs/examples/pg_hba.md": "be48d901f065eb79eb812a99047ab7ff",
  "docs/examples/puppet_auth.md": "35c2400a4c63112680da83d24a901674",
  "docs/examples/shellvar.md": "522ca48e7c4d5f937bf3293ae2779841",
  "docs/examples/sshd_config.md": "226cd405bfafb81cba6bc3baf9d99182",
  "docs/examples/sshd_config_subsystem.md": "e5dacd86a8bb2679f08908ecbbb2f42f",
  "docs/examples/sysctl.md": "1d41d081676e14ec7afa3a10ec77f2ea",
  "docs/examples/syslog.md": "355e0ff109881a34986302676d258791",
  "docs/examples_header.md": "30ca99c44f2c022d61c33d3c951f5e4c",
  "docs/images/augeasproviders-spec-augparse.png": "19df7091646b354bcf85903b28cdf2d6",
  "docs/images/augeasproviders-spec-part1.png": "9d4bd03096614a39bf0d8beeb1537749",
  "docs/images/augeasproviders-spec-specshould.png": "b803dd2e6acaa7e67d9c030aab312d4f",
  "docs/images/library_stack.png": "645d5224c26ee955e69decb0dd88e9c7",
  "docs/images/library_stack.svg": "3752ae20852fbf861a9523e6bb65bf9f",
  "docs/index.md": "931b65460955ab401aada4df1f6524c7",
  "docs/motw.md": "0227cd4d0aee940d1df0ebea7b5fcb06",
  "docs/specs.md": "9eb05fe66f1d4e3686515182bac19e38",
  "lib/puppet/provider/augeasprovider/default.rb": "d4427aab85b25d576b05ba30ec6fb1b5",
  "lib/puppet/type/augeasprovider.rb": "4e5f09a523458cdf6c9c0974ed6b6fa0",
  "metadata.json": "2c2878d4e8ef2ca859e0ef60e28a80bd",
  "spec/fixtures/unit/puppet/provider/augeasprovider/default/broken": "7657a3a3c58088d06aa33ab174622ef4",
  "spec/fixtures/unit/puppet/provider/augeasprovider/default/full": "20380104252d133d336cec79930ac625",
  "spec/lib/augeas_spec/augparse.rb": "c2223a246982f53695cd60f05734084b",
  "spec/lib/augeas_spec/fixtures.rb": "a0df7da0e1cd0750331bd1bfe7efc91d",
  "spec/lib/augeas_spec.rb": "9f94b3c156b1dd281df1d75b5b79c33e",
  "spec/spec.opts": "a600ded995d948e393fbe2320ba8e51c",
  "spec/spec_helper.rb": "583a150ec65fb0bb7fcbbb612553c81d",
  "spec/spec_helper_acceptance.rb": "906c51f535be8591b383938c14e58c9f",
  "spec/unit/puppet/provider/augeasprovider/default_spec.rb": "d83c89a57bf6182c2fcf120bd7d3481f"
}