{
  "name": "herculesteam-augeasproviders_core",
  "version": "2.1.4",
  "author": "Dominic Cleal, Raphael Pinson",
  "summary": "Alternative Augeas-based providers for Puppet",
  "license": "Apache-2.0",
  "source": "https://github.com/hercules-team/augeasproviders_core",
  "project_page": "http://augeasproviders.com",
  "issues_url": "https://github.com/hercules-team/augeasproviders_core/issues",
  "dependencies": [
    {
      "name": "puppetlabs/stdlib",
      "version_requirement": ">=3.2.0 <5.0.0"
    }
  ],
  "data_provider": null,
  "description": "This module provides alternative providers for core Puppet types using the Augeas configuration API library.",
  "operatingsystem_support": [
    {
      "operatingsystem": "Debian",
      "operatingsystemrelease": [
        "5",
        "6",
        "7",
        "8"
      ]
    },
    {
      "operatingsystem": "Ubuntu",
      "operatingsystemrelease": [
        "12.04",
        "12.10",
        "14.04",
        "14.10",
        "15.10",
        "16.04"
      ]
    },
    {
      "operatingsystem": "RedHat",
      "operatingsystemrelease": [
        "4",
        "5",
        "6",
        "7"
      ]
    }
  ],
  "requirements": [
    {
      "name": "puppet",
      "version_requirement": ">= 2.7.0 < 6.0.0"
    }
  ]
}
