{
  "Changes": "5e97b79bb4cc9a23069a8fcd9f873f59",
  "Gemfile": "ef832aa81eac5835c29f9cd738b4e8e6",
  "NOTES.md": "6f1c193c69da469ad266897eb1229982",
  "README.md": "934ad4d56d867e031c65f8eb03fb11ed",
  "Rakefile": "790f004b3a18453229b93c23935a4681",
  "TODO.md": "05bafe2e4d2e1f01bac2c63722e835df",
  "lib/puppet/parser/functions/template_body.rb": "484e311c79680cd5ab2c608d6c7ef54e",
  "lib/puppet/provider/datacat_collector/datacat_collector.rb": "6924b9d5a8acab2b07e6a7e9c2107e4a",
  "lib/puppet/provider/datacat_fragment/datacat_fragment.rb": "785579d50687391eb3a7f12ca396eec3",
  "lib/puppet/type/datacat_collector.rb": "b08eb6bd3a5096b1fa58d7b88edcb59b",
  "lib/puppet/type/datacat_fragment.rb": "75f2ee264dcdca35630cc183a594dc8b",
  "lib/puppet_x/richardc/datacat.rb": "9d577821d01c82e6cbf544cab6650742",
  "manifests/init.pp": "71c97d31a5c05f4478324d97a952489b",
  "metadata.json": "67554c5ccc926b277adfb134897d9778",
  "spec/classes/demo1_spec.rb": "86c043c0769b04015e21655339fafef5",
  "spec/defines/datacat_spec.rb": "a34f68c0d6926fa5dd4f0b2606ff823d",
  "spec/fixtures/modules/demo1/manifests/init.pp": "4afa5d2233c0f2c676b6eab8b993e3aa",
  "spec/fixtures/modules/demo1/templates/sheeps.erb": "31a9e6dc4566ab5277dd36330e9eab30",
  "spec/fixtures/modules/demo2/manifests/init.pp": "7060abe9b0df5561ca31751c8ad774c8",
  "spec/fixtures/modules/demo2/templates/merging.erb": "7ed80a01e3df2bfd98d996fcb0a40b3c",
  "spec/fixtures/modules/demo3/manifests/init.pp": "0a9cf6a8d6fefef9ab8797cdd78e0b9f",
  "spec/fixtures/modules/demo3/templates/hostgroups.cfg.erb": "5c44ae094f4c401c5a91e98f09c65d65",
  "spec/fixtures/modules/issue1/manifests/init.pp": "5c1157fc79d7b382148efba3dbd217ee",
  "spec/fixtures/modules/issue1/templates/refers_to_scope.erb": "67046031e74f04985a15911d0554ba2b",
  "spec/fixtures/modules/template_body/templates/test1.erb": "9f5a4e389b94ff84426684d87954d47a",
  "spec/functions/template_body_spec.rb": "956621eeda84fc5e5dd681a889d440fa",
  "spec/spec_helper.rb": "0db89c9a486df193c0e40095422e19dc",
  "spec/spec_helper_system.rb": "531394a55dde543ab804c092cb8d00c0",
  "spec/system/basic_spec.rb": "aaa9c0f55cab9acade54d4394fa7a655",
  "spec/unit/type/datacat_collector_spec.rb": "d1fd62eb48d4cd93965d8fe6bb1c7dd5"
}